<prezi xsi:schemaLocation="http://prezi.com/schema/prezi/2 http://prezi.com/schema/prezi/2" xmlns:xsi="http://www.w3.org/2001/XMLSchema-instance" version="2" xmlns="http://prezi.com/schema/prezi/2"><xFields><xField name="preziType"><xEnum type="PreziType" value="converted-from-core"/></xField></xFields><aspectRatio><aspectRatio value="16:9"/></aspectRatio><background><background><layers><array><backgroundSwfGraphics><depth><double value="57.863535434801165"/></depth><fadeScale><double value="0.03802049051217915"/></fadeScale><width><double value="2465"/></width><height><double value="1584"/></height><onlineAssetId><string value="4221407852"/></onlineAssetId><onlineAssetUrl><string value="http://0103.static.prezi.com.s3.amazonaws.com/media/d/5/4/5de26d4825f4fb0bb7d769e67b82981f70c0f.swf"/></onlineAssetUrl><assetSourceFilename><string value="prezi_template_bond_background_final_x.swf"/></assetSourceFilename><localToWorld><transform2D x="1.9477624007162083E-12" y="-194.48422972879808" scale="82.6556470701495" rotation="0"/></localToWorld></backgroundSwfGraphics></array></layers></background></background><documentStyle><documentStyle><fontClasses><array><fontClass><fontFamily><string value="WayRale"/></fontFamily><name><string value="body"/></name></fontClass><fontClass><fontFamily><string value="WayRale"/></fontFamily><fontWeight><fontWeight value="bold"/></fontWeight><name><string value="head"/></name></fontClass><fontClass><fontFamily><string value="WayRale"/></fontFamily><fontWeight><fontWeight value="bold"/></fontWeight><name><string value="strong"/></name></fontClass></array></fontClasses><fontFamilies><array><fontFamily><fontFaces><array><fontFace><fontSrc><string value="WayRale-Regular.keg"/></fontSrc></fontFace><fontFace><fontSrc><string value="WayRale-Bold.keg"/></fontSrc><fontWeight><fontWeight value="bold"/></fontWeight></fontFace><fontFace><fontSrc><string value="WayRale-Bold.keg"/></fontSrc><fontWeight><fontWeight value="bold"/></fontWeight></fontFace><fontFace><fontSrc><string value="WayRale-Italic.keg"/></fontSrc><fontStyle><fontStyle value="italic"/></fontStyle></fontFace><fontFace><fontSrc><string value="WayRale-BoldItalic.keg"/></fontSrc><fontStyle><fontStyle value="italic"/></fontStyle><fontWeight><fontWeight value="bold"/></fontWeight></fontFace></array></fontFaces><name><string value="WayRale"/></name></fontFamily></array></fontFamilies><styleDeclarations><array><styleDeclaration><styleBlock><styleBlock><gradEndAlpha><double value="0.7"/></gradEndAlpha><gradStartAlpha><double value="0.5"/></gradStartAlpha></styleBlock></styleBlock><styleSelector><simpleSelector value="zCircle"/></styleSelector></styleDeclaration><styleDeclaration><styleBlock><styleBlock><color><color value="#000000"/></color><gradEndColor><color value="#000000"/></gradEndColor><gradStartColor><color value="#000000"/></gradStartColor><fillType><fillType value="linear"/></fillType></styleBlock></styleBlock><styleSelector><simpleSelector value="*.line1"/></styleSelector></styleDeclaration><styleDeclaration><styleBlock><styleBlock><color><color value="#666666"/></color><gradEndColor><color value="#666666"/></gradEndColor><gradStartColor><color value="#666666"/></gradStartColor><fillType><fillType value="linear"/></fillType></styleBlock></styleBlock><styleSelector><simpleSelector value="*.line2"/></styleSelector></styleDeclaration><styleDeclaration><styleBlock><styleBlock><color><color value="#FFFFFF"/></color><gradEndColor><color value="#FFFFFF"/></gradEndColor><gradStartColor><color value="#FFFFFF"/></gradStartColor><fillType><fillType value="linear"/></fillType></styleBlock></styleBlock><styleSelector><simpleSelector value="*.line3"/></styleSelector></styleDeclaration><styleDeclaration><styleBlock><styleBlock><color><color value="#318BFF"/></color><gradEndColor><color value="#318BFF"/></gradEndColor><gradStartColor><color value="#318BFF"/></gradStartColor><fillType><fillType value="linear"/></fillType></styleBlock></styleBlock><styleSelector><simpleSelector value="*.line4"/></styleSelector></styleDeclaration><styleDeclaration><styleBlock><styleBlock><color><color value="#EF4C33"/></color><gradEndColor><color value="#F16A21"/></gradEndColor><gradStartColor><color value="#EF4C33"/></gradStartColor><fillType><fillType value="linear"/></fillType></styleBlock></styleBlock><styleSelector><simpleSelector value="*.line5"/></styleSelector></styleDeclaration><styleDeclaration><styleBlock><styleBlock><color><color value="#27AAE1"/></color><gradEndColor><color value="#000000"/></gradEndColor><gradStartColor><color value="#000000"/></gradStartColor><fillType><fillType value="linear"/></fillType></styleBlock></styleBlock><styleSelector><simpleSelector value="*.poly1"/></styleSelector></styleDeclaration><styleDeclaration><styleBlock><styleBlock><color><color value="#27AAE1"/></color><gradEndColor><color value="#666666"/></gradEndColor><gradStartColor><color value="#666666"/></gradStartColor><fillType><fillType value="linear"/></fillType></styleBlock></styleBlock><styleSelector><simpleSelector value="*.poly2"/></styleSelector></styleDeclaration><styleDeclaration><styleBlock><styleBlock><color><color value="#27AAE1"/></color><gradEndColor><color value="#FFFFFF"/></gradEndColor><gradStartColor><color value="#FFFFFF"/></gradStartColor><fillType><fillType value="linear"/></fillType></styleBlock></styleBlock><styleSelector><simpleSelector value="*.poly3"/></styleSelector></styleDeclaration><styleDeclaration><styleBlock><styleBlock><color><color value="#27AAE1"/></color><gradEndColor><color value="#318BFF"/></gradEndColor><gradStartColor><color value="#318BFF"/></gradStartColor><fillType><fillType value="linear"/></fillType></styleBlock></styleBlock><styleSelector><simpleSelector value="*.poly4"/></styleSelector></styleDeclaration><styleDeclaration><styleBlock><styleBlock><color><color value="#27AAE1"/></color><gradEndColor><color value="#F16A21"/></gradEndColor><gradStartColor><color value="#EF4C33"/></gradStartColor><fillType><fillType value="linear"/></fillType></styleBlock></styleBlock><styleSelector><simpleSelector value="*.poly5"/></styleSelector></styleDeclaration><styleDeclaration><styleBlock><styleBlock><gradEndColor><color value="#27AAE1"/></gradEndColor><gradStartColor><color value="#27AAE1"/></gradStartColor><fillType><fillType value="linear"/></fillType></styleBlock></styleBlock><styleSelector><simpleSelector value="background"/></styleSelector></styleDeclaration><styleDeclaration><styleBlock><styleBlock><gradEndAlpha><double value="1"/></gradEndAlpha><gradEndColor><color value="#FFFFFF"/></gradEndColor><gradStartAlpha><double value="1"/></gradStartAlpha><gradStartColor><color value="#FFFFFF"/></gradStartColor><fillType><fillType value="linear"/></fillType><borderAlpha><double value="0"/></borderAlpha><borderThickness><double value="0"/></borderThickness><thickness><double value="10"/></thickness></styleBlock></styleBlock><styleSelector><simpleSelector value="zArrow"/></styleSelector></styleDeclaration><styleDeclaration><styleBlock><styleBlock><gradEndAlpha><double value="1"/></gradEndAlpha><gradStartAlpha><double value="1"/></gradStartAlpha><borderAlpha><double value="0"/></borderAlpha><radius><double value="0"/></radius><thickness><double value="100"/></thickness></styleBlock></styleBlock><styleSelector><simpleSelector value="zCircle"/></styleSelector></styleDeclaration><styleDeclaration><styleBlock><styleBlock><color><color value="#FFFFFF"/></color></styleBlock></styleBlock><styleSelector><simpleSelector value="zPencil"/></styleSelector></styleDeclaration><styleDeclaration><styleBlock><styleBlock><gradEndAlpha><double value="1"/></gradEndAlpha><gradEndColor><color value="#000000"/></gradEndColor><gradStartAlpha><double value="1"/></gradStartAlpha><gradStartColor><color value="#000000"/></gradStartColor><fillType><fillType value="linear"/></fillType><borderAlpha><double value="0"/></borderAlpha><borderColor><color value="#333333"/></borderColor><borderThickness><double value="0"/></borderThickness><padding><double value="1.03"/></padding><thickness><double value="5"/></thickness></styleBlock></styleBlock><styleSelector><simpleSelector value="zBracketFrame"/></styleSelector></styleDeclaration><styleDeclaration><styleBlock><styleBlock><gradEndAlpha><double value="1"/></gradEndAlpha><gradEndColor><color value="#FFFFFF"/></gradEndColor><gradStartAlpha><double value="1"/></gradStartAlpha><gradStartColor><color value="#FFFFFF"/></gradStartColor><fillType><fillType value="linear"/></fillType><borderAlpha><double value="0"/></borderAlpha><borderColor><color value="#333333"/></borderColor><borderThickness><double value="0"/></borderThickness><padding><double value="1.03"/></padding><thickness><double value="100"/></thickness></styleBlock></styleBlock><styleSelector><simpleSelector value="zCircleFrame"/></styleSelector></styleDeclaration><styleDeclaration><styleBlock><styleBlock><gradEndAlpha><double value="0.7"/></gradEndAlpha><gradEndColor><color value="#FFFFFF"/></gradEndColor><gradStartAlpha><double value="0.7"/></gradStartAlpha><gradStartColor><color value="#FFFFFF"/></gradStartColor><fillType><fillType value="linear"/></fillType><borderAlpha><double value="0"/></borderAlpha><borderColor><color value="#000000"/></borderColor><borderThickness><double value="0"/></borderThickness><padding><double value="1.03"/></padding><radius><double value="1"/></radius><thickness><double value="3"/></thickness></styleBlock></styleBlock><styleSelector><simpleSelector value="zRectangleFrame"/></styleSelector></styleDeclaration><styleDeclaration><styleBlock><styleBlock><padding><double value="1.2"/></padding></styleBlock></styleBlock><styleSelector><simpleSelector value="zText"/></styleSelector></styleDeclaration><styleDeclaration><styleBlock><styleBlock><color><color value="#000000"/></color><fontClass><string value="body"/></fontClass></styleBlock></styleBlock><styleSelector><simpleSelector value="zText.body"/></styleSelector></styleDeclaration><styleDeclaration><styleBlock><styleBlock><backgroundAlpha><double value="0.9"/></backgroundAlpha><backgroundColor><color value="#CCCCCC"/></backgroundColor><backgroundPadding><double value="6"/></backgroundPadding></styleBlock></styleBlock><styleSelector><simpleSelector value="zText.body-background"/></styleSelector></styleDeclaration><styleDeclaration><styleBlock><styleBlock><color><color value="#FFFFFF"/></color><fontClass><string value="head"/></fontClass></styleBlock></styleBlock><styleSelector><simpleSelector value="zText.title"/></styleSelector></styleDeclaration><styleDeclaration><styleBlock><styleBlock><backgroundAlpha><double value="1"/></backgroundAlpha><backgroundColor><color value="#000000"/></backgroundColor><backgroundPadding><double value="6"/></backgroundPadding></styleBlock></styleBlock><styleSelector><simpleSelector value="zText.title-background"/></styleSelector></styleDeclaration><styleDeclaration><styleBlock><styleBlock><color><color value="#000000"/></color><fontClass><string value="strong"/></fontClass></styleBlock></styleBlock><styleSelector><simpleSelector value="zText.subtitle"/></styleSelector></styleDeclaration><styleDeclaration><styleBlock><styleBlock><backgroundAlpha><double value="1"/></backgroundAlpha><backgroundColor><color value="#318BFF"/></backgroundColor><backgroundPadding><double value="6"/></backgroundPadding></styleBlock></styleBlock><styleSelector><simpleSelector value="zText.subtitle-background"/></styleSelector></styleDeclaration><styleDeclaration><styleBlock><styleBlock><color><color value="#FFFFFF"/></color></styleBlock></styleBlock><styleSelector><simpleSelector value="zLine"/></styleSelector></styleDeclaration><styleDeclaration><styleBlock><styleBlock><color><color value="#E80B76"/></color><alpha><double value="0.65"/></alpha></styleBlock></styleBlock><styleSelector><simpleSelector value="zMarker"/></styleSelector></styleDeclaration><styleDeclaration><styleBlock><styleBlock><gradEndAlpha><double value="1"/></gradEndAlpha><gradStartAlpha><double value="1"/></gradStartAlpha><borderAlpha><double value="0"/></borderAlpha><radius><double value="0"/></radius><thickness><double value="100"/></thickness></styleBlock></styleBlock><styleSelector><simpleSelector value="zTriangle"/></styleSelector></styleDeclaration><styleDeclaration><styleBlock><styleBlock><gradEndAlpha><double value="1"/></gradEndAlpha><gradStartAlpha><double value="1"/></gradStartAlpha><borderAlpha><double value="0"/></borderAlpha><radius><double value="0"/></radius><thickness><double value="100"/></thickness></styleBlock></styleBlock><styleSelector><simpleSelector value="zSquare"/></styleSelector></styleDeclaration><styleDeclaration><styleBlock><styleBlock><color><color value="#FFFFFF"/></color><gradEndAlpha><double value="1"/></gradEndAlpha><gradEndColor><color value="#FFFFFF"/></gradEndColor><gradStartAlpha><double value="1"/></gradStartAlpha><gradStartColor><color value="#FFFFFF"/></gradStartColor><fillType><fillType value="linear"/></fillType><thickness><double value="8"/></thickness></styleBlock></styleBlock><styleSelector><simpleSelector value="#11"/></styleSelector></styleDeclaration><styleDeclaration><styleBlock><styleBlock><xFields><xField name="deprecatedBackgroundPaddingHorizontal"><xJust><xDouble value="6"/></xJust></xField><xField name="deprecatedBackgroundPaddingVertical"><xJust><xDouble value="6"/></xJust></xField></xFields></styleBlock></styleBlock><styleSelector><simpleSelector value="#151_30863873"/></styleSelector></styleDeclaration><styleDeclaration><styleBlock><styleBlock><color><color value="#FFFFFF"/></color><gradEndAlpha><double value="1"/></gradEndAlpha><gradEndColor><color value="#FFFFFF"/></gradEndColor><gradStartAlpha><double value="1"/></gradStartAlpha><gradStartColor><color value="#FFFFFF"/></gradStartColor><fillType><fillType value="linear"/></fillType><thickness><double value="8"/></thickness></styleBlock></styleBlock><styleSelector><simpleSelector value="#32"/></styleSelector></styleDeclaration><styleDeclaration><styleBlock><styleBlock><color><color value="#FFFFFF"/></color><gradEndAlpha><double value="1"/></gradEndAlpha><gradEndColor><color value="#FFFFFF"/></gradEndColor><gradStartAlpha><double value="1"/></gradStartAlpha><gradStartColor><color value="#FFFFFF"/></gradStartColor><fillType><fillType value="linear"/></fillType><thickness><double value="8"/></thickness></styleBlock></styleBlock><styleSelector><simpleSelector value="#33"/></styleSelector></styleDeclaration><styleDeclaration><styleBlock><styleBlock><xFields><xField name="deprecatedBackgroundPaddingHorizontal"><xJust><xDouble value="6"/></xJust></xField><xField name="deprecatedBackgroundPaddingVertical"><xJust><xDouble value="6"/></xJust></xField></xFields></styleBlock></styleBlock><styleSelector><simpleSelector value="#41_30863873"/></styleSelector></styleDeclaration><styleDeclaration><styleBlock><styleBlock><color><color value="#FFFFFF"/></color><gradEndAlpha><double value="1"/></gradEndAlpha><gradEndColor><color value="#FFFFFF"/></gradEndColor><gradStartAlpha><double value="1"/></gradStartAlpha><gradStartColor><color value="#FFFFFF"/></gradStartColor><fillType><fillType value="linear"/></fillType><thickness><double value="8"/></thickness></styleBlock></styleBlock><styleSelector><simpleSelector value="#47_158621475"/></styleSelector></styleDeclaration><styleDeclaration><styleBlock><styleBlock><color><color value="#FFFFFF"/></color><gradEndAlpha><double value="1"/></gradEndAlpha><gradEndColor><color value="#FFFFFF"/></gradEndColor><gradStartAlpha><double value="1"/></gradStartAlpha><gradStartColor><color value="#FFFFFF"/></gradStartColor><fillType><fillType value="linear"/></fillType><thickness><double value="8"/></thickness></styleBlock></styleBlock><styleSelector><simpleSelector value="#5"/></styleSelector></styleDeclaration><styleDeclaration><styleBlock><styleBlock><color><color value="#FFFFFF"/></color><gradEndAlpha><double value="1"/></gradEndAlpha><gradEndColor><color value="#FFFFFF"/></gradEndColor><gradStartAlpha><double value="1"/></gradStartAlpha><gradStartColor><color value="#FFFFFF"/></gradStartColor><fillType><fillType value="linear"/></fillType><thickness><double value="8"/></thickness></styleBlock></styleBlock><styleSelector><simpleSelector value="#6"/></styleSelector></styleDeclaration><styleDeclaration><styleBlock><styleBlock><color><color value="#FFFFFF"/></color><gradEndAlpha><double value="1"/></gradEndAlpha><gradEndColor><color value="#FFFFFF"/></gradEndColor><gradStartAlpha><double value="1"/></gradStartAlpha><gradStartColor><color value="#FFFFFF"/></gradStartColor><fillType><fillType value="linear"/></fillType><thickness><double value="8"/></thickness></styleBlock></styleBlock><styleSelector><simpleSelector value="#7"/></styleSelector></styleDeclaration></array></styleDeclarations></documentStyle></documentStyle><path><array><flyToObject><target><ref value="1_177754515"/></target></flyToObject><flyToObject><target><ref value="0"/></target></flyToObject><flyToObject><target><ref value="37_158621475"/></target></flyToObject><flyToObject><target><ref value="52_158621475"/></target></flyToObject><flyToObject><target><ref value="51_30863873"/></target></flyToObject><flyToObject><target><ref value="3_177754515"/></target></flyToObject><flyToObject><target><ref value="7_177754515"/></target></flyToObject><flyToObject><target><ref value="5_177754515"/></target></flyToObject><flyToObject><target><ref value="6_177754515"/></target></flyToObject><flyToObject><target><ref value="44_30863873"/></target></flyToObject><flyToObject><target><ref value="8_177754515"/></target></flyToObject><flyToObject><target><ref value="23_276290347"/></target></flyToObject><flyToObject><target><ref value="40_158621475"/></target></flyToObject><flyToObject><target><ref value="62_30863873"/></target></flyToObject><flyToObject><target><ref value="73_30863873"/></target></flyToObject><flyToObject><target><ref value="2_276290467"/></target></flyToObject><flyToObject><target><ref value="22_276290347"/></target></flyToObject><flyToObject><target><ref value="67_30863873"/></target></flyToObject><flyToObject><target><ref value="17_276290347"/></target></flyToObject><flyToObject><target><ref value="18_276290347"/></target></flyToObject><flyToObject><target><ref value="0_276290347"/></target></flyToObject><flyToObject><target><ref value="19_276290347"/></target></flyToObject><flyToObject><target><ref value="11_276290347"/></target></flyToObject><flyToObject><target><ref value="12_276290347"/></target></flyToObject><flyToObject><target><ref value="15_276290347"/></target></flyToObject><flyToObject><target><ref value="13_276290347"/></target></flyToObject><flyToObject><target><ref value="14_276290347"/></target></flyToObject><flyToObject><target><ref value="16_276290347"/></target></flyToObject><flyToObject><target><ref value="9_177754515"/></target></flyToObject><flyToObject><target><ref value="48_30863873"/></target></flyToObject><flyToObject><target><ref value="0_276290467"/></target></flyToObject><flyToObject><target><ref value="1_276290467"/></target></flyToObject><flyToObject><target><ref value="77_30863873"/></target></flyToObject><flyToObject><target><ref value="0"/></target></flyToObject></array></path><zObjects><array><zCircleFrame><id><string value="54_30863873"/></id><width><double value="800"/></width><height><double value="800"/></height><styleClasses><array><token value="circle"/></array></styleClasses><localToWorld><transform2D x="472.7798068436656" y="-1146.4681895395097" scale="37.10086734007941" rotation="0"/></localToWorld></zCircleFrame><zCircleFrame><id><string value="51_30863873"/></id><width><double value="800"/></width><height><double value="800"/></height><styleClasses><array><token value="circle"/></array></styleClasses><localToWorld><transform2D x="-34429.98385488241" y="-4194.781841732301" scale="20.4668979553249" rotation="0"/></localToWorld></zCircleFrame><zImage><id><string value="3_177754515"/></id><onlineAssetId><string value="5027189039"/></onlineAssetId><onlineAssetUrl><string value="http://0103.static.prezi.com.s3.amazonaws.com/media/0/1/0/b9d3634372ffc1a7d4075806130653344a9e2.png"/></onlineAssetUrl><assetSourceFilename><string value="Screen Shot 2018-10-23 at 4.17.37 PM.png"/></assetSourceFilename><width><double value="1048"/></width><height><double value="1096"/></height><localToWorld><transform2D x="-40341.03287161127" y="-4616.9014367527" scale="3.0808581262594825" rotation="0"/></localToWorld></zImage><zText><id><string value="52_30863873"/></id><text><text><width>220.4993900181616</width><p align="center"><span><![CDATA[Functional requirements]]></span></p></text></text><styleClasses><array><token value="subtitle"/></array></styleClasses><localToWorld><transform2D x="-34501.73177880576" y="-7674.877797718027" scale="45.12076529890461" rotation="-2.7955420617360885E-33"/></localToWorld></zText><zInvisibleFrame><id><string value="0"/></id><width><double value="2414.7577859734774"/></width><height><double value="1603.0604344274425"/></height><styleClasses><array><token value="invisible"/></array></styleClasses><localToWorld><transform2D x="1.9477624007162083E-12" y="2.1550553649662225E-12" scale="60.66659593541714" rotation="0"/></localToWorld></zInvisibleFrame><zLine><id><string value="47_158621475"/></id><startEndDistance><double value="212.3232470428692"/></startEndDistance><styleClasses><array><token value="line3"/></array></styleClasses><localToWorld><transform2D x="-41854.397105317374" y="1614.803930330992" scale="55.11247213644143" rotation="-0.5385625725539199"/></localToWorld></zLine><zInvisibleFrame><id><string value="40_158621475"/></id><width><double value="2203.67156480015"/></width><height><double value="1691.4687638446594"/></height><styleClasses><array><token value="invisible"/></array></styleClasses><localToWorld><transform2D x="33438.41524883377" y="-25582.53136841727" scale="18.030624139366218" rotation="0"/></localToWorld></zInvisibleFrame><zLine><id><string value="5"/></id><startEndDistance><double value="488.3349898684123"/></startEndDistance><styleClasses><array><token value="line3"/></array></styleClasses><localToWorld><transform2D x="22868.388013884287" y="-15758.64953486631" scale="55.11247213644138" rotation="-0.6511338161518628"/></localToWorld></zLine><zLine><id><string value="32"/></id><startEndDistance><double value="230.56540244004083"/></startEndDistance><styleClasses><array><token value="line3"/></array></styleClasses><localToWorld><transform2D x="32860.93131726953" y="-30219.603358013155" scale="55.112472136441376" rotation="-1.1691690979200344"/></localToWorld></zLine><zLine><id><string value="33"/></id><startEndDistance><double value="173.56300536422472"/></startEndDistance><styleClasses><array><token value="line3"/></array></styleClasses><localToWorld><transform2D x="40094.76198284851" y="-24270.390905306027" scale="55.11247213644123" rotation="-0.6064458348840004"/></localToWorld></zLine><zLine><id><string value="6"/></id><startEndDistance><double value="546.9518342019065"/></startEndDistance><styleClasses><array><token value="line3"/></array></styleClasses><localToWorld><transform2D x="-12566.17227198682" y="-1466.2969657882754" scale="55.11247213644133" rotation="0.06659214688809695"/></localToWorld></zLine><zInvisibleFrame><id><string value="37_158621475"/></id><width><double value="2133.7886455841985"/></width><height><double value="2093.781346534005"/></height><styleClasses><array><token value="invisible"/></array></styleClasses><localToWorld><transform2D x="764.7177077304749" y="-1914.6244443991648" scale="17.555997442437008" rotation="0"/></localToWorld></zInvisibleFrame><zLine><id><string value="7"/></id><startEndDistance><double value="524.6533596855447"/></startEndDistance><styleClasses><array><token value="line3"/></array></styleClasses><localToWorld><transform2D x="-4818.159816237932" y="13539.59890542025" scale="55.112472136441426" rotation="-1.1072466418047437"/></localToWorld></zLine><zLine><id><string value="11"/></id><startEndDistance><double value="207.34062132453943"/></startEndDistance><styleClasses><array><token value="line3"/></array></styleClasses><localToWorld><transform2D x="-44844.03077829067" y="-9978.422580476275" scale="55.11247213644138" rotation="0.6006484845328995"/></localToWorld></zLine><zCircleFrame><id><string value="62_30863873"/></id><width><double value="800"/></width><height><double value="800"/></height><styleClasses><array><token value="circle"/></array></styleClasses><localToWorld><transform2D x="28408.731753803964" y="-19397.32526472735" scale="20.466809454718454" rotation="0"/></localToWorld></zCircleFrame><zSwfGraphics><id><string value="11_158621475"/></id><onlineAssetId><string value="4182230978"/></onlineAssetId><onlineAssetUrl><string value="http://0103.static.prezi.com.s3.amazonaws.com/media/4/2/3/7a283645adf3d9e4ff3dfae877a8519084c42.swf"/></onlineAssetUrl><assetSourceFilename><string value="prezi_template_matrica.swf"/></assetSourceFilename><width><double value="110"/></width><height><double value="113"/></height><localToWorld><transform2D x="24312.076176629216" y="-22201.706804681264" scale="34.45145218759138" rotation="0"/></localToWorld></zSwfGraphics><zSwfGraphics><id><string value="28_158621475"/></id><onlineAssetId><string value="4183255592"/></onlineAssetId><onlineAssetUrl><string value="http://0103.static.prezi.com.s3.amazonaws.com/media/a/3/7/42d15f5d96e05179626d789d9ceac9338ecd1.swf"/></onlineAssetUrl><assetSourceFilename><string value="prezi_template_csillag_feher.swf"/></assetSourceFilename><width><double value="12"/></width><height><double value="12"/></height><localToWorld><transform2D x="24029.367888025583" y="-23279.220164697257" scale="43.799411844861446" rotation="-0.13901602035308414"/></localToWorld></zSwfGraphics><zInvisibleFrame><id><string value="52_158621475"/></id><width><double value="2073.354245896129"/></width><height><double value="1814.68269279432"/></height><styleClasses><array><token value="invisible"/></array></styleClasses><localToWorld><transform2D x="-42210.00211643228" y="-4194.494590436092" scale="16.28146539242196" rotation="0"/></localToWorld></zInvisibleFrame><zCircleFrame><id><string value="44_30863873"/></id><width><double value="800"/></width><height><double value="800"/></height><styleClasses><array><token value="circle"/></array></styleClasses><localToWorld><transform2D x="-50664.59472269526" y="-14132.938640783104" scale="10.554344589331242" rotation="0"/></localToWorld></zCircleFrame><zText><id><string value="45_30863873"/></id><text><text><width>220.4993900181616</width><p align="center"><span><![CDATA[software architecture]]></span></p></text></text><styleClasses><array><token value="subtitle"/></array></styleClasses><localToWorld><transform2D x="-50701.59360324419" y="-15927.550213263994" scale="23.267820367232535" rotation="-2.7955420617360885E-33"/></localToWorld></zText><zCircleFrame><id><string value="48_30863873"/></id><width><double value="800"/></width><height><double value="800"/></height><styleClasses><array><token value="circle"/></array></styleClasses><localToWorld><transform2D x="-48834.7997052969" y="5533.91121882658" scale="10.554344589331242" rotation="0"/></localToWorld></zCircleFrame><zText><id><string value="49_30863873"/></id><text><text><width>220.4993900181616</width><p align="center"><span><![CDATA[Non Functional requirements]]></span></p></text></text><styleClasses><array><token value="subtitle"/></array></styleClasses><localToWorld><transform2D x="-48871.798585845856" y="3411.223379167715" scale="23.267820367232535" rotation="-2.7955420617360885E-33"/></localToWorld></zText><zImage><id><string value="0_276290467"/></id><onlineAssetId><string value="5027215453"/></onlineAssetId><onlineAssetUrl><string value="http://0103.static.prezi.com.s3.amazonaws.com/media/1/b/f/4e27001ff4f7ee1baf998435465c44e086f15.png"/></onlineAssetUrl><assetSourceFilename><string value="Screen Shot 2018-10-23 at 5.28.23 PM.png"/></assetSourceFilename><width><double value="1462"/></width><height><double value="1354"/></height><localToWorld><transform2D x="-50399.06828825494" y="5708.061978077996" scale="2.146688537138206" rotation="0"/></localToWorld></zImage><zText><id><string value="151_30863873"/></id><text><text><width>211.6150585893417</width><p align="center"><span><![CDATA[Locate My Loo]]></span></p></text></text><styleClasses><array><token value="title"/><token value="title-background"/></array></styleClasses><localToWorld><transform2D x="661.9129100650555" y="-2193.2423244536712" scale="122.93225837255864" rotation="0"/></localToWorld></zText><zText><id><string value="41_30863873"/></id><text><text><width>270.7421875</width><p><span><![CDATA[By: Parth Patel, Joshua Liang, Gerardo Garcia, Marietta Asemwota]]></span></p></text></text><styleClasses><array><token value="subtitle"/><token value="subtitle-background"/></array></styleClasses><localToWorld><transform2D x="538.8129648442086" y="5475.4319905899665" scale="74.79660735966907" rotation="0"/></localToWorld></zText><zText><id><string value="61_30863873"/></id><text><text><width>113.81636588385696</width><p><span><![CDATA[Diagrams]]></span></p></text></text><styleClasses><array><token value="subtitle"/></array></styleClasses><localToWorld><transform2D x="31067.720799818253" y="-20807.96362281182" scale="71.34121125598915" rotation="0"/></localToWorld></zText><zText><id><string value="63_30863873"/></id><text><text><width>382.45033416357063</width><p><span><![CDATA[class diagrams and sequence diagrams]]></span></p></text></text><styleClasses><array><token value="body"/></array></styleClasses><localToWorld><transform2D x="29763.855808189433" y="-17966.06362114142" scale="25.56951879123932" rotation="-4.845002627262797E-33"/></localToWorld></zText><zVideo><id><string value="9_177754515"/></id><videoType><string value="video"/></videoType><onlineAssetId><string value="5027195724"/></onlineAssetId><onlineAssetUrl><string value="http://0103.static.prezi.com.s3.amazonaws.com/converted/e/6/2/f2987c8aa0d89d88e3bf9034796ceb7af3185.mp4"/></onlineAssetUrl><localToWorld><transform2D x="24047.39666940165" y="-23266.527880481488" scale="0.5009408645738306" rotation="0"/></localToWorld></zVideo><zText><id><string value="65_30863873"/></id><text><text><width>130.56749105981368</width><p align="center"><span><![CDATA[UI design]]></span></p></text></text><styleClasses><array><token value="title"/></array></styleClasses><localToWorld><transform2D x="24232.354666486342" y="-22426.386369134285" scale="19.97167587364867" rotation="-0.1390160203530841"/></localToWorld></zText><zCircleFrame><id><string value="67_30863873"/></id><width><double value="800"/></width><height><double value="800"/></height><styleClasses><array><token value="circle"/></array></styleClasses><localToWorld><transform2D x="45687.424192843246" y="-28294.592477100825" scale="8.855523541867969" rotation="0"/></localToWorld></zCircleFrame><zImage><id><string value="15_276290347"/></id><onlineAssetId><string value="5027214804"/></onlineAssetId><onlineAssetUrl><string value="http://0103.static.prezi.com.s3.amazonaws.com/media/5/9/b/d02de93d78ac589801559ca9cc8ab603b0955.png"/></onlineAssetUrl><assetSourceFilename><string value="Screen Shot 2018-10-23 at 5.27.10 PM.png"/></assetSourceFilename><width><double value="986"/></width><height><double value="790"/></height><localToWorld><transform2D x="43285.91360251216" y="-27973.047742618277" scale="1.0371186463313409" rotation="0"/></localToWorld></zImage><zImage><id><string value="12_276290347"/></id><onlineAssetId><string value="5027214800"/></onlineAssetId><onlineAssetUrl><string value="http://0103.static.prezi.com.s3.amazonaws.com/media/4/d/f/573790758fab68c4bba6265603591c2bc1632.png"/></onlineAssetUrl><assetSourceFilename><string value="Screen Shot 2018-10-23 at 5.26.50 PM.png"/></assetSourceFilename><width><double value="990"/></width><height><double value="788"/></height><localToWorld><transform2D x="43605.84174474356" y="-26710.787746378075" scale="1.0397509271595928" rotation="0"/></localToWorld></zImage><zImage><id><string value="17_276290347"/></id><onlineAssetId><string value="5027214839"/></onlineAssetId><onlineAssetUrl><string value="http://0103.static.prezi.com.s3.amazonaws.com/media/5/e/b/59eb866a6d3262ac5c3cbe4fd87b1b4e7e495.png"/></onlineAssetUrl><assetSourceFilename><string value="Screen Shot 2018-10-23 at 5.26.37 PM 1.png"/></assetSourceFilename><width><double value="1006"/></width><height><double value="780"/></height><localToWorld><transform2D x="45239.745175282646" y="-29159.608543223403" scale="1.2042857603787742" rotation="0"/></localToWorld></zImage><zImage><id><string value="11_276290347"/></id><onlineAssetId><string value="5027214778"/></onlineAssetId><onlineAssetUrl><string value="http://0103.static.prezi.com.s3.amazonaws.com/media/f/0/0/582eedcf8b707d0df0f615384740966165251.png"/></onlineAssetUrl><assetSourceFilename><string value="Screen Shot 2018-10-23 at 5.27.18 PM.png"/></assetSourceFilename><width><double value="998"/></width><height><double value="790"/></height><localToWorld><transform2D x="45206.660236879216" y="-26428.01324047678" scale="1.0371186463313409" rotation="0"/></localToWorld></zImage><zText><id><string value="68_30863873"/></id><text><text><width>246.82467099997424</width><p align="center"><span><![CDATA[sequence diagrams]]></span></p></text></text><styleClasses><array><token value="subtitle"/></array></styleClasses><localToWorld><transform2D x="45914.07955468257" y="-30075.61374062269" scale="19.52264579633539" rotation="-2.795542061736089E-33"/></localToWorld></zText><zImage><id><string value="19_276290347"/></id><onlineAssetId><string value="5027214860"/></onlineAssetId><onlineAssetUrl><string value="http://0103.static.prezi.com.s3.amazonaws.com/media/6/f/a/2e9a3c064bcc85164bedf443992db9fcff71c.png"/></onlineAssetUrl><assetSourceFilename><string value="Screen Shot 2018-10-23 at 5.27.31 PM.png"/></assetSourceFilename><width><double value="1048"/></width><height><double value="900"/></height><localToWorld><transform2D x="46931.8952287715" y="-29159.92975621762" scale="1.0437143256616046" rotation="0"/></localToWorld></zImage><zCircleFrame><id><string value="73_30863873"/></id><width><double value="800"/></width><height><double value="800"/></height><styleClasses><array><token value="circle"/></array></styleClasses><localToWorld><transform2D x="35357.19675604758" y="-36512.99552362565" scale="8.855523541867969" rotation="0"/></localToWorld></zCircleFrame><zImage><id><string value="2_276290467"/></id><onlineAssetId><string value="5027216171"/></onlineAssetId><onlineAssetUrl><string value="http://0103.static.prezi.com.s3.amazonaws.com/media/3/c/d/a1352eff9553611b3d992c092193ccd55559c.png"/></onlineAssetUrl><assetSourceFilename><string value="Screen Shot 2018-10-23 at 5.32.46 PM.png"/></assetSourceFilename><width><double value="1096"/></width><height><double value="1102"/></height><localToWorld><transform2D x="34095.47448322487" y="-36361.632157363805" scale="1.4585645230868616" rotation="0"/></localToWorld></zImage><zText><id><string value="74_30863873"/></id><text><text><width>220.4993900181616</width><p align="center"><span><![CDATA[class diagrams & package diagram]]></span></p><p align="center"/></text></text><styleClasses><array><token value="subtitle"/></array></styleClasses><localToWorld><transform2D x="35326.15319337528" y="-37743.47817569088" scale="19.52264579633539" rotation="-2.795542061736089E-33"/></localToWorld></zText><zImage><id><string value="22_276290347"/></id><onlineAssetId><string value="5027216189"/></onlineAssetId><onlineAssetUrl><string value="http://0103.static.prezi.com.s3.amazonaws.com/media/6/f/4/837b41a3d09484d89f9305c155c8836801610.png"/></onlineAssetUrl><assetSourceFilename><string value="Screen Shot 2018-10-23 at 5.32.41 PM.png"/></assetSourceFilename><width><double value="734"/></width><height><double value="1168"/></height><localToWorld><transform2D x="36388.39990688115" y="-34974.741519370815" scale="1.645532139055372" rotation="0"/></localToWorld></zImage><zCircleFrame><id><string value="77_30863873"/></id><width><double value="800"/></width><height><double value="800"/></height><styleClasses><array><token value="circle"/></array></styleClasses><localToWorld><transform2D x="-15132.338876851489" y="32173.58125494338" scale="20.4668979553249" rotation="0"/></localToWorld></zCircleFrame><zText><id><string value="78_30863873"/></id><text><text><width>220.4993900181616</width><p align="center"><span><![CDATA[Feasibility]]></span></p></text></text><styleClasses><array><token value="subtitle"/></array></styleClasses><localToWorld><transform2D x="-15204.086800774823" y="28057.282508243075" scale="45.12076529890461" rotation="-2.7955420617360885E-33"/></localToWorld></zText><zText><id><string value="79_30863873"/></id><text><text><width>390.9237784827681</width><p><span><![CDATA[Why it's worthwhile]]></span></p><p indent="1" listType="bullet"><span><![CDATA[don't have to suffer anymore]]></span></p><p indent="1" listType="bullet"><span><![CDATA[helps tourism]]></span></p></text></text><styleClasses><array><token value="body"/></array></styleClasses><localToWorld><transform2D x="-13274.769637302916" y="34326.83606766202" scale="26.03445383931023" rotation="-4.845002627262793E-33"/></localToWorld></zText><zImage><id><string value="0_177754515"/></id><onlineAssetId><string value="5027187012"/></onlineAssetId><onlineAssetUrl><string value="http://0103.static.prezi.com.s3.amazonaws.com/converted/f/7/b/6e5b964b62ae16fe97c2e1bf4463f73ddf67d.png"/></onlineAssetUrl><assetSourceFilename><string value="https://lh3.googleusercontent.com/6iAfz7Ap49BP-R0k1rPjLW1tFbD3Jlctmwz-xzsQoxJFAS63E_XeZDUuTsc8vEv68N_32pjw7FlteBmkEJ8qZ1a2AmfHnCyTe1N1MCH2ZmCWeGqzw1RzLBxwXk6ffH85I6OKE1oi"/></assetSourceFilename><width><double value="720"/></width><height><double value="540"/></height><localToWorld><transform2D x="471.6477464957239" y="-9573.967434371889" scale="11.820640898549591" rotation="0"/></localToWorld></zImage><zBracketFrame><id><string value="1_177754515"/></id><width><double value="1074.6268656716418"/></width><height><double value="600"/></height><styleClasses><array><token value="bracket"/></array></styleClasses><localToWorld><transform2D x="-28841.07232396694" y="-27121.29795297617" scale="0.616002764967297" rotation="0"/></localToWorld></zBracketFrame><zText><id><string value="2_177754515"/></id><text><text><width>-156.02399999999997</width><p><span><![CDATA[Requirement]]></span></p><p><span><![CDATA[Specifications]]></span></p></text></text><styleClasses><array><token value="body"/></array></styleClasses><localToWorld><transform2D x="-39789.78032898025" y="-15109.81506046878" scale="66.67752076299101" rotation="0"/></localToWorld></zText><zImage><id><string value="5_177754515"/></id><onlineAssetId><string value="5027189364"/></onlineAssetId><onlineAssetUrl><string value="http://0103.static.prezi.com.s3.amazonaws.com/media/a/c/5/62575da0124f933a1f1854bb7837a3bf1c92a.png"/></onlineAssetUrl><assetSourceFilename><string value="Screen Shot 2018-10-23 at 4.18.39 PM.png"/></assetSourceFilename><width><double value="1034"/></width><height><double value="658"/></height><localToWorld><transform2D x="-32190.574356572102" y="-1428.00590125164" scale="3.5810682159932647" rotation="0"/></localToWorld></zImage><zImage><id><string value="6_177754515"/></id><onlineAssetId><string value="5027189502"/></onlineAssetId><onlineAssetUrl><string value="http://0103.static.prezi.com.s3.amazonaws.com/media/f/5/7/86bf0cd587f6b32460f11a0565d7368a70db1.png"/></onlineAssetUrl><assetSourceFilename><string value="Screen Shot 2018-10-23 at 4.19.05 PM.png"/></assetSourceFilename><width><double value="1020"/></width><height><double value="364"/></height><localToWorld><transform2D x="-30530.54560250408" y="731.4019878120995" scale="3.6302201326833687" rotation="0"/></localToWorld></zImage><zImage><id><string value="8_177754515"/></id><onlineAssetId><string value="5027193470"/></onlineAssetId><onlineAssetUrl><string value="http://0103.static.prezi.com.s3.amazonaws.com/converted/3/5/a/0b60283b1c340bc805ef872e6329f45ce00ff.jpe"/></onlineAssetUrl><assetSourceFilename><string value="https://lh6.googleusercontent.com/pPXqVQCPa9HUA1ZQ8yB9tdt3pi86jRu_TAaDPTJCHw84yacgLTXH_u1MhxlBt6g3T6DcgqE9sTLeIpilKXlJlMTdhEkQ4ngPL3fSCJzfZe0Phws-xqL9sSnzy4xljl7v6Td69SnE"/></assetSourceFilename><width><double value="1330"/></width><height><double value="844"/></height><localToWorld><transform2D x="-48526.396532021055" y="-13533.774155972667" scale="2.178261304999613" rotation="0"/></localToWorld></zImage><zImage><id><string value="0_276290347"/></id><onlineAssetId><string value="5027214609"/></onlineAssetId><onlineAssetUrl><string value="http://0103.static.prezi.com.s3.amazonaws.com/media/7/3/1/34167ded8a657d3152efaf43e718b059ada36.png"/></onlineAssetUrl><assetSourceFilename><string value="Screen Shot 2018-10-23 at 5.26.24 PM.png"/></assetSourceFilename><width><double value="988"/></width><height><double value="788"/></height><localToWorld><transform2D x="48224.24217546921" y="-27847.667603879003" scale="1.4172782338832588" rotation="0"/></localToWorld></zImage><zImage><id><string value="13_276290347"/></id><onlineAssetId><string value="5027214801"/></onlineAssetId><onlineAssetUrl><string value="http://0103.static.prezi.com.s3.amazonaws.com/media/5/8/a/4aa3c77d420e968ca43f824d15bd5d781f6cd.png"/></onlineAssetUrl><assetSourceFilename><string value="Screen Shot 2018-10-23 at 5.27.24 PM.png"/></assetSourceFilename><width><double value="986"/></width><height><double value="784"/></height><localToWorld><transform2D x="43606.05588673968" y="-29159.287330229203" scale="1.198141445274802" rotation="0"/></localToWorld></zImage><zImage><id><string value="14_276290347"/></id><onlineAssetId><string value="5027214802"/></onlineAssetId><onlineAssetUrl><string value="http://0103.static.prezi.com.s3.amazonaws.com/media/6/8/d/ece72683afa86ffc798ebe4a0ab928caa8887.png"/></onlineAssetUrl><assetSourceFilename><string value="Screen Shot 2018-10-23 at 5.26.55 PM.png"/></assetSourceFilename><width><double value="1022"/></width><height><double value="798"/></height><localToWorld><transform2D x="46530.59312800737" y="-25672.413207100988" scale="1.0267214669194975" rotation="0"/></localToWorld></zImage><zImage><id><string value="16_276290347"/></id><onlineAssetId><string value="5027214813"/></onlineAssetId><onlineAssetUrl><string value="http://0103.static.prezi.com.s3.amazonaws.com/media/5/c/d/9e11952e8750f8ab5bf08f55f9474b88a7509.png"/></onlineAssetUrl><assetSourceFilename><string value="Screen Shot 2018-10-23 at 5.27.03 PM.png"/></assetSourceFilename><width><double value="996"/></width><height><double value="798"/></height><localToWorld><transform2D x="45239.85224628073" y="-27972.726529624073" scale="1.0267214669194975" rotation="0"/></localToWorld></zImage><zImage><id><string value="18_276290347"/></id><onlineAssetId><string value="5027214847"/></onlineAssetId><onlineAssetUrl><string value="http://0103.static.prezi.com.s3.amazonaws.com/media/6/1/8/7461ce5c03cd5fe7d0209d9556fe47a16e500.png"/></onlineAssetUrl><assetSourceFilename><string value="Screen Shot 2018-10-23 at 5.26.29 PM.png"/></assetSourceFilename><width><double value="910"/></width><height><double value="800"/></height><localToWorld><transform2D x="46530.70019900543" y="-27367.775390531937" scale="1.0241546632521992" rotation="0"/></localToWorld></zImage><zText><id><string value="21_276290347"/></id><styleClasses><array><token value="body"/></array></styleClasses><localToWorld><transform2D x="34095.15327023066" y="-36546.54377102966" scale="6.675504741782389" rotation="0"/></localToWorld></zText><zImage><id><string value="23_276290347"/></id><onlineAssetId><string value="5027218502"/></onlineAssetId><onlineAssetUrl><string value="http://0103.static.prezi.com.s3.amazonaws.com/media/8/2/9/61f501ebc43b13e4033f65206a7aa8394ee28.png"/></onlineAssetUrl><assetSourceFilename><string value="Screen Shot 2018-10-23 at 5.38.46 PM.png"/></assetSourceFilename><width><double value="1168"/></width><height><double value="970"/></height><localToWorld><transform2D x="-52438.87787247516" y="-13533.667084974595" scale="2.910124472606812" rotation="0"/></localToWorld></zImage><zImage><id><string value="1_276290467"/></id><onlineAssetId><string value="5027215920"/></onlineAssetId><onlineAssetUrl><string value="http://0103.static.prezi.com.s3.amazonaws.com/media/f/8/2/d413e8a76f380fa9db6c96d77d377b45a5b41.png"/></onlineAssetUrl><assetSourceFilename><string value="Screen Shot 2018-10-23 at 5.32.07 PM.png"/></assetSourceFilename><width><double value="1384"/></width><height><double value="600"/></height><localToWorld><transform2D x="-47063.37841440075" y="5708.061978077996" scale="2.1028400991310914" rotation="0"/></localToWorld></zImage><zImage><id><string value="7_177754515"/></id><onlineAssetId><string value="5027234867"/></onlineAssetId><onlineAssetUrl><string value="http://0103.static.prezi.com.s3.amazonaws.com/media/3/d/2/b9fe24f7ed5097767e440148199c746b57648.png"/></onlineAssetUrl><assetSourceFilename><string value="Screen Shot 2018-10-23 at 4.18.13 PM.png"/></assetSourceFilename><width><double value="1060"/></width><height><double value="1204"/></height><localToWorld><transform2D x="-36673.20876174577" y="-3181.0793526419925" scale="3.493230693714179" rotation="0"/></localToWorld></zImage><zText><id><string value="10_177754515"/></id><text><text><width>-337.29600000000005</width><p><span><![CDATA[web app with php and mySQL]]></span></p></text></text><styleClasses><array><token value="body"/></array></styleClasses><localToWorld><transform2D x="-17032.8210214283" y="30964.345432983715" scale="26.03445383931023" rotation="0"/></localToWorld></zText></array></zObjects></prezi>